HasTag,engagement_rate
False,5.966192135055012
True,3.6749056982618957
